feature,mean_abs_shap
Age,1.062512938172247
Overall stage,0.797205077638243
N stage,0.6155173367029422
M stage,0.49410469694093556
Treatment received,0.3761734125264334
T stage,0.1039766133817471
Race,0.07413047799537191
Gender (Male),0.048666109973518674
Ethnicity,0.03415042315407615
Residual disease,0.009629927658562515
Prior malignancy,0.0
