feature,mean_abs_shap
Overall stage,3.288152867301061
N stage,2.829860455611035
Age,2.532578367047815
M stage,2.103790965005768
Residual disease,1.3010383217507686
T stage,0.9286553429054951
Treatment received,0.5924197285016516
Prior malignancy,0.25983001076412315
Race,0.1998259293179309
Ethnicity,0.1246008324547932
Gender (Male),0.12199691724198222
