feature,mean_abs_shap
Overall stage,6.632827657003824
Treatment received,6.228923219249203
N stage,5.180924378488237
Residual disease,4.3972932968126
Age,4.202094734509178
T stage,1.891068847262397
Race,0.5583232598329408
Gender (Male),0.47754966819267786
Ethnicity,0.3873463614552842
M stage,0.31761426702743545
Prior malignancy,0.0
